{"mean_fit_time":{"0":3.3743536949},"std_fit_time":{"0":0.0131114172},"mean_score_time":{"0":0.1756016731},"std_score_time":{"0":0.0094472203},"params":{"0":{}},"split0_test_score":{"0":0.9836371835},"split1_test_score":{"0":0.9856342202},"split2_test_score":{"0":0.9833150808},"split3_test_score":{"0":0.9836371835},"split4_test_score":{"0":0.980931521},"mean_test_score":{"0":0.9834310378},"std_test_score":{"0":0.0014966653},"rank_test_score":{"0":1}}