{"mean_fit_time":{"0":0.1705783606},"std_fit_time":{"0":0.0080437176},"mean_score_time":{"0":0.0115995407},"std_score_time":{"0":0.001307262},"param_anomaly_percentile":{"0":0.0001},"param_n_components":{"0":1},"params":{"0":{"anomaly_percentile":0.0001,"n_components":1}},"split0_test_score":{"0":0.5390551478},"split1_test_score":{"0":0.5391926226},"split2_test_score":{"0":0.5391926226},"split3_test_score":{"0":0.5391926226},"split4_test_score":{"0":0.5391926226},"split5_test_score":{"0":0.5391058824},"split6_test_score":{"0":0.5391058824},"split7_test_score":{"0":0.5391058824},"split8_test_score":{"0":0.5391058824},"split9_test_score":{"0":0.5389683735},"mean_test_score":{"0":0.5391217541},"std_test_score":{"0":0.0000700421},"rank_test_score":{"0":1}}