{"mean_fit_time":{"0":2.2000335217,"1":2.8589436054,"2":4.1218463421,"3":2.2758177757,"4":2.905806303,"5":4.2483744621,"6":2.3612989426,"7":3.0446360588,"8":4.2527957916,"9":2.3867426395,"10":3.0025197983,"11":4.2320051193,"12":2.3543041706,"13":2.9890840054,"14":4.2299201012,"15":2.3922019482,"16":2.9921139717,"17":4.2185077667,"18":2.3971685886,"19":2.9862786293,"20":4.2285289764,"21":2.3759831429,"22":2.9859704018,"23":3.5097803593,"24":2.2983644009,"25":2.4117957115,"26":1.9763477802},"std_fit_time":{"0":0.041445722,"1":0.0368921903,"2":0.0108495377,"3":0.0171580613,"4":0.0332670856,"5":0.0241485061,"6":0.0160064518,"7":0.0375195948,"8":0.0429525041,"9":0.0148991267,"10":0.0518320618,"11":0.043452484,"12":0.0272442967,"13":0.0197057752,"14":0.0351413757,"15":0.0328846574,"16":0.0250401317,"17":0.0182279182,"18":0.0271365545,"19":0.0252183221,"20":0.0213122742,"21":0.0269170332,"22":0.0302874334,"23":0.1600231689,"24":0.0163749783,"25":0.2485654658,"26":0.1726817865},"mean_score_time":{"0":0.068069315,"1":0.0650122166,"2":0.0755858421,"3":0.0684188366,"4":0.067994833,"5":0.0715177536,"6":0.070367384,"7":0.0631839752,"8":0.0702716351,"9":0.0673175812,"10":0.0724560261,"11":0.0636594296,"12":0.0702656746,"13":0.0621697903,"14":0.0730158806,"15":0.0580070019,"16":0.0742430687,"17":0.0622327328,"18":0.0738408566,"19":0.0690154076,"20":0.0681256771,"21":0.0712663651,"22":0.0648838997,"23":0.0316889286,"24":0.0524466991,"25":0.0356340885,"26":0.0134016514},"std_score_time":{"0":0.0074824077,"1":0.0093425884,"2":0.0032018531,"3":0.0068808601,"4":0.0063192735,"5":0.002175407,"6":0.0122058374,"7":0.0093209246,"8":0.0111841651,"9":0.0048530007,"10":0.0110101842,"11":0.0076046289,"12":0.0042291091,"13":0.0103988507,"14":0.0130281918,"15":0.0078115702,"16":0.0075000254,"17":0.0057581105,"18":0.0087555004,"19":0.0078780569,"20":0.0063246904,"21":0.0088193452,"22":0.0076628752,"23":0.0095299921,"24":0.0043155321,"25":0.0088973287,"26":0.0020253705},"param_algorithm":{"0":"elkan","1":"elkan","2":"elkan","3":"elkan","4":"elkan","5":"elkan","6":"elkan","7":"elkan","8":"elkan","9":"elkan","10":"elkan","11":"elkan","12":"elkan","13":"elkan","14":"elkan","15":"elkan","16":"elkan","17":"elkan","18":"elkan","19":"elkan","20":"elkan","21":"elkan","22":"elkan","23":"elkan","24":"elkan","25":"elkan","26":"elkan"},"param_anomaly_percentile":{"0":0.000001,"1":0.000001,"2":0.000001,"3":0.00001,"4":0.00001,"5":0.00001,"6":0.0001,"7":0.0001,"8":0.0001,"9":0.001,"10":0.001,"11":0.001,"12":0.01,"13":0.01,"14":0.01,"15":0.1,"16":0.1,"17":0.1,"18":1.0,"19":1.0,"20":1.0,"21":10.0,"22":10.0,"23":10.0,"24":100.0,"25":100.0,"26":100.0},"param_n_clusters":{"0":5,"1":7,"2":10,"3":5,"4":7,"5":10,"6":5,"7":7,"8":10,"9":5,"10":7,"11":10,"12":5,"13":7,"14":10,"15":5,"16":7,"17":10,"18":5,"19":7,"20":10,"21":5,"22":7,"23":10,"24":5,"25":7,"26":10},"params":{"0":{"algorithm":"elkan","anomaly_percentile":0.000001,"n_clusters":5},"1":{"algorithm":"elkan","anomaly_percentile":0.000001,"n_clusters":7},"2":{"algorithm":"elkan","anomaly_percentile":0.000001,"n_clusters":10},"3":{"algorithm":"elkan","anomaly_percentile":0.00001,"n_clusters":5},"4":{"algorithm":"elkan","anomaly_percentile":0.00001,"n_clusters":7},"5":{"algorithm":"elkan","anomaly_percentile":0.00001,"n_clusters":10},"6":{"algorithm":"elkan","anomaly_percentile":0.0001,"n_clusters":5},"7":{"algorithm":"elkan","anomaly_percentile":0.0001,"n_clusters":7},"8":{"algorithm":"elkan","anomaly_percentile":0.0001,"n_clusters":10},"9":{"algorithm":"elkan","anomaly_percentile":0.001,"n_clusters":5},"10":{"algorithm":"elkan","anomaly_percentile":0.001,"n_clusters":7},"11":{"algorithm":"elkan","anomaly_percentile":0.001,"n_clusters":10},"12":{"algorithm":"elkan","anomaly_percentile":0.01,"n_clusters":5},"13":{"algorithm":"elkan","anomaly_percentile":0.01,"n_clusters":7},"14":{"algorithm":"elkan","anomaly_percentile":0.01,"n_clusters":10},"15":{"algorithm":"elkan","anomaly_percentile":0.1,"n_clusters":5},"16":{"algorithm":"elkan","anomaly_percentile":0.1,"n_clusters":7},"17":{"algorithm":"elkan","anomaly_percentile":0.1,"n_clusters":10},"18":{"algorithm":"elkan","anomaly_percentile":1.0,"n_clusters":5},"19":{"algorithm":"elkan","anomaly_percentile":1.0,"n_clusters":7},"20":{"algorithm":"elkan","anomaly_percentile":1.0,"n_clusters":10},"21":{"algorithm":"elkan","anomaly_percentile":10.0,"n_clusters":5},"22":{"algorithm":"elkan","anomaly_percentile":10.0,"n_clusters":7},"23":{"algorithm":"elkan","anomaly_percentile":10.0,"n_clusters":10},"24":{"algorithm":"elkan","anomaly_percentile":100.0,"n_clusters":5},"25":{"algorithm":"elkan","anomaly_percentile":100.0,"n_clusters":7},"26":{"algorithm":"elkan","anomaly_percentile":100.0,"n_clusters":10}},"split0_test_score":{"0":0.5390805139,"1":0.5390805139,"2":0.5390805139,"3":0.5390805139,"4":0.5390805139,"5":0.5390805139,"6":0.5390805139,"7":0.5390805139,"8":0.5390805139,"9":0.5390805139,"10":0.5390805139,"11":0.5390805139,"12":0.538874247,"13":0.5390371312,"14":0.5390805139,"15":0.5377731726,"16":0.5387912761,"17":0.5379797504,"18":0.5279279279,"19":0.0817146685,"20":0.5284861124,"21":0.0179527015,"22":0.0817146685,"23":0.0251117991,"24":0.0,"25":0.0,"26":0.0},"split1_test_score":{"0":0.5391492565,"1":0.5391492565,"2":0.5391492565,"3":0.5391492565,"4":0.5391492565,"5":0.5391492565,"6":0.5391492565,"7":0.5391492565,"8":0.5391492565,"9":0.5391492565,"10":0.5391492565,"11":0.5391492565,"12":0.5389430091,"13":0.5390805139,"14":0.5391492565,"15":0.538392731,"16":0.538392731,"17":0.538392731,"18":0.5298351961,"19":0.5298351961,"20":0.5298351961,"21":0.0196755264,"22":0.0196755264,"23":0.0196755264,"24":0.0006979585,"25":0.0006979585,"26":0.0010467551},"split2_test_score":{"0":0.5391492565,"1":0.5391492565,"2":0.5391492565,"3":0.5391492565,"4":0.5391492565,"5":0.5391492565,"6":0.5391492565,"7":0.5391492565,"8":0.5391492565,"9":0.5391492565,"10":0.5391492565,"11":0.5391492565,"12":0.5387367034,"13":0.5389430091,"14":0.5389430091,"15":0.5374976446,"16":0.5379797504,"17":0.5379797504,"18":0.5280675137,"19":0.5284861124,"20":0.5286255924,"21":0.019327006,"22":0.0257997936,"23":0.0257997936,"24":0.0,"25":0.0003490401,"26":0.0},"split3_test_score":{"0":0.5391492565,"1":0.5391492565,"2":0.5391492565,"3":0.5391492565,"4":0.5391492565,"5":0.5391492565,"6":0.5391492565,"7":0.5391492565,"8":0.5391492565,"9":0.5391492565,"10":0.5391492565,"11":0.5391492565,"12":0.5390805139,"13":0.5388996094,"14":0.5390805139,"15":0.5383239171,"16":0.5390338073,"17":0.5379108976,"18":0.527299464,"19":0.0810448761,"20":0.527299464,"21":0.0134994808,"22":0.0810448761,"23":0.0176165803,"24":0.0,"25":0.0,"26":0.0003490401},"split4_test_score":{"0":0.5391492565,"1":0.5391492565,"2":0.5391492565,"3":0.5391492565,"4":0.5391492565,"5":0.5391492565,"6":0.5391492565,"7":0.5391492565,"8":0.5391492565,"9":0.5391492565,"10":0.5391492565,"11":0.5391492565,"12":0.5391492565,"13":0.5391492565,"14":0.5391492565,"15":0.5385303394,"16":0.5390231266,"17":0.5385303394,"18":0.5277883156,"19":0.082984775,"20":0.5279977241,"21":0.0213608958,"22":0.082984775,"23":0.0230636833,"24":0.0003490401,"25":0.0006979585,"26":0.00139543},"mean_test_score":{"0":0.539135508,"1":0.539135508,"2":0.539135508,"3":0.539135508,"4":0.539135508,"5":0.539135508,"6":0.539135508,"7":0.539135508,"8":0.539135508,"9":0.539135508,"10":0.539135508,"11":0.539135508,"12":0.538956746,"13":0.539021904,"14":0.53908051,"15":0.538103561,"16":0.5386441383,"17":0.5381586938,"18":0.5281836835,"19":0.2608131256,"20":0.5284488178,"21":0.0183631221,"22":0.0582439279,"23":0.0222534765,"24":0.0002093997,"25":0.0003489914,"26":0.000558245},"std_test_score":{"0":0.0000274971,"1":0.0000274971,"2":0.0000274971,"3":0.0000274971,"4":0.0000274971,"5":0.0000274971,"6":0.0000274971,"7":0.0000274971,"8":0.0000274971,"9":0.0000274971,"10":0.0000274971,"11":0.0000274971,"12":0.000146828,"13":0.0000906268,"14":0.0000753109,"15":0.0003976448,"16":0.0004053987,"17":0.0002523245,"18":0.000865397,"19":0.2191061411,