{"mean_fit_time":{"0":1.1341290474,"1":1.4879304409,"2":2.5961942673,"3":1.176168251,"4":1.6000212193,"5":2.7767390728,"6":1.3168467045,"7":1.7274362087,"8":2.7719322205,"9":1.4499772549,"10":1.787107563,"11":2.801455164,"12":1.3378544331,"13":1.8539192677,"14":2.7704245567,"15":1.3574522972,"16":1.7486373425,"17":2.7831032753,"18":1.3651435852,"19":1.7316161156,"20":2.7749867916,"21":1.3878807545,"22":1.7649432182,"23":2.280437851,"24":1.3280544281,"25":1.5132074356,"26":1.4548079967},"std_fit_time":{"0":0.0732813161,"1":0.0354600548,"2":0.0209238091,"3":0.0203162173,"4":0.0394493667,"5":0.1054153376,"6":0.0529107456,"7":0.0515795218,"8":0.0547679906,"9":0.0573568121,"10":0.0543926642,"11":0.0820586478,"12":0.0543436784,"13":0.0259383005,"14":0.0595588012,"15":0.0391660675,"16":0.0515805778,"17":0.0765285506,"18":0.0277370422,"19":0.0540956583,"20":0.0442026353,"21":0.0378468244,"22":0.0424787499,"23":0.1331454637,"24":0.0373073931,"25":0.0853725535,"26":0.1031877564},"mean_score_time":{"0":0.0435311317,"1":0.0614505768,"2":0.0667460442,"3":0.051274395,"4":0.0596489906,"5":0.0810759544,"6":0.0616344929,"7":0.072729969,"8":0.0687143803,"9":0.0636345863,"10":0.0626157761,"11":0.0702114582,"12":0.0592721939,"13":0.0735115528,"14":0.0654364586,"15":0.0588555813,"16":0.0721973896,"17":0.064428997,"18":0.048695612,"19":0.0703096867,"20":0.0609028339,"21":0.0505912781,"22":0.0395121574,"23":0.0258583546,"24":0.0491809368,"25":0.0509848595,"26":0.0199326038},"std_score_time":{"0":0.0094646217,"1":0.0198380197,"2":0.0168050932,"3":0.0101029453,"4":0.019744361,"5":0.0144784948,"6":0.0087752576,"7":0.0138827678,"8":0.0060410751,"9":0.0052666071,"10":0.0066006988,"11":0.0182913339,"12":0.0186484458,"13":0.00862598,"14":0.0171878088,"15":0.0068819947,"16":0.0199751089,"17":0.0154076055,"18":0.0207304975,"19":0.0228678031,"20":0.0146171492,"21":0.0184543705,"22":0.01187647,"23":0.0021738677,"24":0.0184279629,"25":0.0167126989,"26":0.0022038402},"param_algorithm":{"0":"elkan","1":"elkan","2":"elkan","3":"elkan","4":"elkan","5":"elkan","6":"elkan","7":"elkan","8":"elkan","9":"elkan","10":"elkan","11":"elkan","12":"elkan","13":"elkan","14":"elkan","15":"elkan","16":"elkan","17":"elkan","18":"elkan","19":"elkan","20":"elkan","21":"elkan","22":"elkan","23":"elkan","24":"elkan","25":"elkan","26":"elkan"},"param_anomaly_percentile":{"0":0.000001,"1":0.000001,"2":0.000001,"3":0.00001,"4":0.00001,"5":0.00001,"6":0.0001,"7":0.0001,"8":0.0001,"9":0.001,"10":0.001,"11":0.001,"12":0.01,"13":0.01,"14":0.01,"15":0.1,"16":0.1,"17":0.1,"18":1.0,"19":1.0,"20":1.0,"21":10.0,"22":10.0,"23":10.0,"24":100.0,"25":100.0,"26":100.0},"param_n_clusters":{"0":5,"1":7,"2":10,"3":5,"4":7,"5":10,"6":5,"7":7,"8":10,"9":5,"10":7,"11":10,"12":5,"13":7,"14":10,"15":5,"16":7,"17":10,"18":5,"19":7,"20":10,"21":5,"22":7,"23":10,"24":5,"25":7,"26":10},"params":{"0":{"algorithm":"elkan","anomaly_percentile":0.000001,"n_clusters":5},"1":{"algorithm":"elkan","anomaly_percentile":0.000001,"n_clusters":7},"2":{"algorithm":"elkan","anomaly_percentile":0.000001,"n_clusters":10},"3":{"algorithm":"elkan","anomaly_percentile":0.00001,"n_clusters":5},"4":{"algorithm":"elkan","anomaly_percentile":0.00001,"n_clusters":7},"5":{"algorithm":"elkan","anomaly_percentile":0.00001,"n_clusters":10},"6":{"algorithm":"elkan","anomaly_percentile":0.0001,"n_clusters":5},"7":{"algorithm":"elkan","anomaly_percentile":0.0001,"n_clusters":7},"8":{"algorithm":"elkan","anomaly_percentile":0.0001,"n_clusters":10},"9":{"algorithm":"elkan","anomaly_percentile":0.001,"n_clusters":5},"10":{"algorithm":"elkan","anomaly_percentile":0.001,"n_clusters":7},"11":{"algorithm":"elkan","anomaly_percentile":0.001,"n_clusters":10},"12":{"algorithm":"elkan","anomaly_percentile":0.01,"n_clusters":5},"13":{"algorithm":"elkan","anomaly_percentile":0.01,"n_clusters":7},"14":{"algorithm":"elkan","anomaly_percentile":0.01,"n_clusters":10},"15":{"algorithm":"elkan","anomaly_percentile":0.1,"n_clusters":5},"16":{"algorithm":"elkan","anomaly_percentile":0.1,"n_clusters":7},"17":{"algorithm":"elkan","anomaly_percentile":0.1,"n_clusters":10},"18":{"algorithm":"elkan","anomaly_percentile":1.0,"n_clusters":5},"19":{"algorithm":"elkan","anomaly_percentile":1.0,"n_clusters":7},"20":{"algorithm":"elkan","anomaly_percentile":1.0,"n_clusters":10},"21":{"algorithm":"elkan","anomaly_percentile":10.0,"n_clusters":5},"22":{"algorithm":"elkan","anomaly_percentile":10.0,"n_clusters":7},"23":{"algorithm":"elkan","anomaly_percentile":10.0,"n_clusters":10},"24":{"algorithm":"elkan","anomaly_percentile":100.0,"n_clusters":5},"25":{"algorithm":"elkan","anomaly_percentile":100.0,"n_clusters":7},"26":{"algorithm":"elkan","anomaly_percentile":100.0,"n_clusters":10}},"split0_test_score":{"0":0.5390805139,"1":0.5390805139,"2":0.5390805139,"3":0.5390805139,"4":0.5390805139,"5":0.5390805139,"6":0.5390805139,"7":0.5390805139,"8":0.5390805139,"9":0.5390805139,"10":0.5390805139,"11":0.5390805139,"12":0.5390805139,"13":0.5390805139,"14":0.5390117647,"15":0.538657124,"16":0.538657124,"17":0.5379797504,"18":0.5429683791,"19":0.5429683791,"20":0.5291998483,"21":0.5825113712,"22":0.5824389247,"23":0.4380593979,"24":0.0,"25":0.0,"26":0.0},"split1_test_score":{"0":0.5391492565,"1":0.5391492565,"2":0.5391492565,"3":0.5391492565,"4":0.5391492565,"5":0.5391492565,"6":0.5391492565,"7":0.5391492565,"8":0.5391492565,"9":0.5391492565,"10":0.5391492565,"11":0.5391492565,"12":0.5391492565,"13":0.5390117647,"14":0.538874247,"15":0.5389650139,"16":0.538476029,"17":0.5381174365,"18":0.5414280982,"19":0.5414280982,"20":0.5297824954,"21":0.5760161575,"22":0.5760880541,"23":0.4328168656,"24":0.0003490401,"25":0.0006979585,"26":0.0006979585},"split2_test_score":{"0":0.5391492565,"1":0.5391492565,"2":0.5391492565,"3":0.5391492565,"4":0.5391492565,"5":0.5391492565,"6":0.5391492565,"7":0.5391492565,"8":0.5391492565,"9":0.5390805139,"10":0.5391492565,"11":0.5391492565,"12":0.5390117647,"13":0.5390117647,"14":0.5388054784,"15":0.5386244881,"16":0.5386244881,"17":0.5382116118,"18":0.5422137947,"19":0.5421366954,"20":0.5300805306,"21":0.5772600658,"22":0.5772600658,"23":0.4384490788,"24":0.0,"25":0.0,"26":0.0},"split3_test_score":{"0":0.5391492565,"1":0.5391492565,"2":0.5391492565,"3":0.5391492565,"4":0.5391492565,"5":0.5391492565,"6":0.5391492565,"7":0.5391492565,"8":0.5391492565,"9":0.5391492565,"10":0.5391492565,"11":0.5391492565,"12":0.5389430091,"13":0.5390117647,"14":0.5390805139,"15":0.5384651623,"16":0.5384651623,"17":0.53786737,"18":0.5420995209,"19":0.542073807,"20":0.52761959,"21":0.5792682927,"22":0.5792682927,"23":0.431135289,"24":0.0,"25":0.0,"26":0.0},"split4_test_score":{"0":0.5391492565,"1":0.5391492565,"2":0.5391492565,"3":0.5391492565,"4":0.5391492565,"5":0.5391492565,"6":0.5390805139,"7":0.5391492565,"8":0.5391492565,"9":0.5391492565,"10":0.5391492565,"11":0.5391492565,"12":0.5390805139,"13":0.5390805139,"14":0.5391492565,"15":0.5389903937,"16":0.5389650139,"17":0.5384868886,"18":0.5420613869,"19":0.5420613869,"20":0.5294340696,"21":0.5788698787,"22":0.5788404914,"23":0.4572729572,"24":0.0,"25":0.0003490401,"26":0.0006979585},"mean_test_score":{"0":0.539135508,"1":0.539135508,"2":0.539135508,"3":0.539135508,"4":0.539135508,"5":0.539135508,"6":0.5391217595,"7":0.539135508,"8":0.539135508,"9":0.5391217595,"10":0.539135508,"11":0.539135508,"12":0.5390530116,"13":0.5390392644,"14":0.5389842521,"15":0.5387404364,"16":0.5386375635,"17":0.5381326115,"18":0.542154236,"19":0.5421336733,"20":0.5292233068,"21":0.5787851532,"22":0.5787791657,"23":0.4395467177,"24":0.000069808,"25":0.0002093997,"26":0.0002791834},"std_test_score":{"0":0.0000274971,"1":0.0000274971,"2":0.0000274971,"3":0.0000274971,"4":0.0000274971,"5":0.0000274971,"6":0.0000336769,"7":0.0000274971,"8":0.0000274971,"9":0.0000336769,"10":0.0000274971,"11":0.0000274971,"12":0.0000701109,"13":0.0000336801,"14":0.0001275232,"15":0.0002044869,"16":0.0001808828,"17":0.0002124632,"18":0.0004909719,"19":0.0004905891,"20":0.0008560845,