{"mean_fit_time":{"0":1.0185935974,"1":1.7039432526,"2":2.3529928684,"3":2.9894582748,"4":4.2073363781,"5":1.0108571529,"6":1.6696177483,"7":2.3262485027,"8":3.0261884212,"9":4.2499680519,"10":1.1340305328,"11":1.7773077488,"12":2.4172973633,"13":3.0246275902,"14":4.355946207,"15":1.0994324207,"16":1.8598654747,"17":2.5283724785,"18":3.1625433922,"19":4.41804533,"20":1.1982338905,"21":1.8488938332,"22":2.4983717918,"23":3.1209231377,"24":4.407069397,"25":1.1427275658,"26":1.8208310604,"27":2.4808890343,"28":3.1685741425,"29":4.3693926811,"30":1.0877354622,"31":1.8709293365,"32":2.4685052395,"33":3.076693821,"34":4.3813934326,"35":1.1189979553,"36":1.866609621,"37":2.4967875957,"38":3.1262763977,"39":4.1631507874,"40":1.1275562763,"41":1.8812096119,"42":2.3238930702,"43":2.4598772526,"44":2.2946818352},"std_fit_time":{"0":0.019295639,"1":0.0231866184,"2":0.0218779095,"3":0.0254741633,"4":0.0412375332,"5":0.0185466579,"6":0.0593833943,"7":0.0374515898,"8":0.0359830225,"9":0.0508669433,"10":0.0685278548,"11":0.0161205191,"12":0.0570321688,"13":0.0425787204,"14":0.0359727377,"15":0.072801997,"16":0.0233088371,"17":0.0249382669,"18":0.0186580487,"19":0.0424770243,"20":0.0767150967,"21":0.0358241142,"22":0.0292222142,"23":0.0428733748,"24":0.0390542677,"25":0.0642650947,"26":0.0325415352,"27":0.0333175167,"28":0.0322918566,"29":0.0667065982,"30":0.0105177227,"31":0.0184220235,"32":0.0143681843,"33":0.0413191339,"34":0.0313401234,"35":0.0698465841,"36":0.0167368724,"37":0.0241184808,"38":0.030230493,"39":0.113838705,"40":0.0561291707,"41":0.0323017327,"42":0.0254964046,"43":0.1423463801,"44":0.2835907104},"mean_score_time":{"0":0.077573967,"1":0.0623657703,"2":0.0727149963,"3":0.0623121262,"4":0.0844736576,"5":0.0524140835,"6":0.06813941,"7":0.0572658062,"8":0.0689169884,"9":0.0961199284,"10":0.0734673023,"11":0.0719203472,"12":0.0618375778,"13":0.0777786255,"14":0.0662949562,"15":0.0754025936,"16":0.0694931507,"17":0.0607303619,"18":0.0722499371,"19":0.0748413563,"20":0.068053627,"21":0.0670266151,"22":0.0740196228,"23":0.0739774227,"24":0.0726183414,"25":0.0667530537,"26":0.0677722931,"27":0.071716404,"28":0.0712189674,"29":0.0732448578,"30":0.0592835426,"31":0.0694616318,"32":0.0713709831,"33":0.0806816101,"34":0.0763961792,"35":0.0619786739,"36":0.0610819817,"37":0.0754517078,"38":0.0677384377,"39":0.0518672943,"40":0.0700341225,"41":0.0611501694,"42":0.0474382877,"43":0.0330803871,"44":0.0135447502},"std_score_time":{"0":0.0152940237,"1":0.0106987297,"2":0.0122792025,"3":0.013454653,"4":0.0233356692,"5":0.0081412432,"6":0.0060109423,"7":0.0209683364,"8":0.0070480158,"9":0.0178294776,"10":0.0126365053,"11":0.007185818,"12":0.009791072,"13":0.0145463778,"14":0.0070048675,"15":0.0165641431,"16":0.0145932692,"17":0.0131730556,"18":0.0066233234,"19":0.0006944911,"20":0.0103643759,"21":0.0026217729,"22":0.0095306162,"23":0.0082628243,"24":0.013193131,"25":0.0097045039,"26":0.0081942483,"27":0.0071617229,"28":0.0215751586,"29":0.0092616917,"30":0.0141961469,"31":0.0091563884,"32":0.0128093247,"33":0.0084352977,"34":0.0068143319,"35":0.0131683872,"36":0.0126111554,"37":0.0062361506,"38":0.0085534855,"39":0.0106589833,"40":0.0100326868,"41":0.0060586857,"42":0.0052346855,"43":0.0096950161,"44":0.0013944942},"param_algorithm":{"0":"elkan","1":"elkan","2":"elkan","3":"elkan","4":"elkan","5":"elkan","6":"elkan","7":"elkan","8":"elkan","9":"elkan","10":"elkan","11":"elkan","12":"elkan","13":"elkan","14":"elkan","15":"elkan","16":"elkan","17":"elkan","18":"elkan","19":"elkan","20":"elkan","21":"elkan","22":"elkan","23":"elkan","24":"elkan","25":"elkan","26":"elkan","27":"elkan","28":"elkan","29":"elkan","30":"elkan","31":"elkan","32":"elkan","33":"elkan","34":"elkan","35":"elkan","36":"elkan","37":"elkan","38":"elkan","39":"elkan","40":"elkan","41":"elkan","42":"elkan","43":"elkan","44":"elkan"},"param_anomaly_percentile":{"0":0.000001,"1":0.000001,"2":0.000001,"3":0.000001,"4":0.000001,"5":0.00001,"6":0.00001,"7":0.00001,"8":0.00001,"9":0.00001,"10":0.0001,"11":0.0001,"12":0.0001,"13":0.0001,"14":0.0001,"15":0.001,"16":0.001,"17":0.001,"18":0.001,"19":0.001,"20":0.01,"21":0.01,"22":0.01,"23":0.01,"24":0.01,"25":0.1,"26":0.1,"27":0.1,"28":0.1,"29":0.1,"30":1.0,"31":1.0,"32":1.0,"33":1.0,"34":1.0,"35":10.0,"36":10.0,"37":10.0,"38":10.0,"39":10.0,"40":100.0,"41":100.0,"42":100.0,"43":100.0,"44":100.0},"param_n_clusters":{"0":1,"1":3,"2":5,"3":7,"4":10,"5":1,"6":3,"7":5,"8":7,"9":10,"10":1,"11":3,"12":5,"13":7,"14":10,"15":1,"16":3,"17":5,"18":7,"19":10,"20":1,"21":3,"22":5,"23":7,"24":10,"25":1,"26":3,"27":5,"28":7,"29":10,"30":1,"31":3,"32":5,"33":7,"34":10,"35":1,"36":3,"37":5,"38":7,"39":10,"40":1,"41":3,"42":5,"43":7,"44":10},"params":{"0":{"algorithm":"elkan","anomaly_percentile":0.000001,"n_clusters":1},"1":{"algorithm":"elkan","anomaly_percentile":0.000001,"n_clusters":3},"2":{"algorithm":"elkan","anomaly_percentile":0.000001,"n_clusters":5},"3":{"algorithm":"elkan","anomaly_percentile":0.000001,"n_clusters":7},"4":{"algorithm":"elkan","anomaly_percentile":0.000001,"n_clusters":10},"5":{"algorithm":"elkan","anomaly_percentile":0.00001,"n_clusters":1},"6":{"algorithm":"elkan","anomaly_percentile":0.00001,"n_clusters":3},"7":{"algorithm":"elkan","anomaly_percentile":0.00001,"n_clusters":5},"8":{"algorithm":"elkan","anomaly_percentile":0.00001,"n_clusters":7},"9":{"algorithm":"elkan","anomaly_percentile":0.00001,"n_clusters":10},"10":{"algorithm":"elkan","anomaly_percentile":0.0001,"n_clusters":1},"11":{"algorithm":"elkan","anomaly_percentile":0.0001,"n_clusters":3},"12":{"algorithm":"elkan","anomaly_percentile":0.0001,"n_clusters":5},"13":{"algorithm":"elkan","anomaly_percentile":0.0001,"n_clusters":7},"14":{"algorithm":"elkan","anomaly_percentile":0.0001,"n_clusters":10},"15":{"algorithm":"elkan","anomaly_percentile":0.001,"n_clusters":1},"16":{"algorithm":"elkan","anomaly_percentile":0.001,"n_clusters":3},"17":{"algorithm":"elkan","anomaly_percentile":0.001,"n_clusters":5},"18":{"algorithm":"elkan","anomaly_percentile":0.001,"n_clusters":7},"19":{"algorithm":"elkan","anomaly_percentile":0.001,"n_clusters":10},"20":{"algorithm":"elkan","anomaly_percentile":0.01,"n_clusters":1},"21":{"algorithm":"elkan","anomaly_percentile":0.01,"n_clusters":3},"22":{"algorithm":"elkan","anomaly_percentile":0.01,"n_clusters":5},"23":{"algorithm":"elkan","anomaly_percentile":0.01,"n_clusters":7},"24":{"algorithm":"elkan","anomaly_percentile":0.01,"n_clusters":10},"25":{"algorithm":"elkan","anomaly_percentile":0.1,"n_clusters":1},"26":{"algorithm":"elkan","anomaly_percentile":0.1,"n_clusters":3},"27":{"algorithm":"elkan","anomaly_percentile":0.1,"n_clusters":5},"28":{"algorithm":"elkan","anomaly_percentile":0.1,"n_clusters":7},"29":{"algorithm":"elkan","anomaly_percentile":0.1,"n_clusters":10},"30":{"algorithm":"elkan","anomaly_percentile":1.0,"n_clusters":1},"31":{"algorithm":"elkan","anomaly_percentile":1.0,"n_clusters":3},"32":{"algorithm":"elkan","anomaly_percentile":1.0,"n_clusters":5},"33":{"algorithm":"elkan","anomaly_percentile":1.0,"n_clusters":7},"34":{"algorithm":"elkan","anomaly_percentile":1.0,"n_clusters":10},"35":{"algorithm":"elkan","anomaly_percentile":10.0,"n_clusters":1},"36":{"algorithm":"elkan","anomaly_percentile":10.0,"n_clusters":3},"37":{"algorithm":"elkan","anomaly_percentile":10.0,"n_clusters":5},"38":{"algorithm":"elkan","anomaly_percentile":10.0,"n_clusters":7},"39":{"algorithm":"elkan","anomaly_percentile":10.0,"n_clusters":10},"40":{"algorithm":"elkan","anomaly_percentile":100.0,"n_clusters":1},"41":{"algorithm":"elkan","anomaly_percentile":100.0,"n_clusters":3},"42":{"algorithm":"elkan","anomaly_percentile":100.0,"n_clusters":5},"43":{"algorithm":"elkan","anomaly_percentile":100.0,"n_clusters":7},"44":{"algorithm":"elkan","anomaly_percentile":100.0,"n_clusters":10}},"split0_test_score":{"0":0.5394241626,"1":0.5394241626,"2":0.5394241626,"3":0.5394241626,"4":0.5394241626,"5":0.5394241626,"6":0.5394241626,"7":0.5394241626,"8":0.5394241626,