{"mean_fit_time":{"0":0.0278314114},"std_fit_time":{"0":0.0011055743},"mean_score_time":{"0":7.2963010311},"std_score_time":{"0":0.1499778049},"params":{"0":{}},"split0_test_score":{"0":0.9928493204},"split1_test_score":{"0":0.9929137409},"split2_test_score":{"0":0.9918185918},"split3_test_score":{"0":0.9921406945},"split4_test_score":{"0":0.9909167042},"mean_test_score":{"0":0.9921278103},"std_test_score":{"0":0.000734959},"rank_test_score":{"0":1}}