{"mean_fit_time":{"0":2.3821981907,"1":2.4290616512,"2":2.4528219223,"3":2.5219658613,"4":2.5219460011,"5":2.4555992365,"6":2.4616707087,"7":2.5034569263,"8":2.5814584732,"9":2.5360188246,"10":2.5335383654,"11":2.5965232372,"12":2.6512366533,"13":2.6258099794,"14":1.5517076015},"std_fit_time":{"0":0.064651708,"1":0.0343385145,"2":0.04713545,"3":0.0590905786,"4":0.0994553511,"5":0.064626614,"6":0.0237107922,"7":0.0783432309,"8":0.0548940503,"9":0.0727508859,"10":0.0232690244,"11":0.0586630646,"12":0.0801052617,"13":0.0660612149,"14":0.8049006582},"mean_score_time":{"0":0.0636427164,"1":0.03837955,"2":0.0862830639,"3":0.0846169472,"4":0.0891279936,"5":0.0913635969,"6":0.0618979931,"7":0.1114597797,"8":0.0791362286,"9":0.0901916504,"10":0.1159139872,"11":0.0800377607,"12":0.1164560795,"13":0.0662181854,"14":0.0466131449},"std_score_time":{"0":0.0287930669,"1":0.0144750629,"2":0.0338766768,"3":0.0161777795,"4":0.0204269971,"5":0.0166848741,"6":0.020999664,"7":0.0282329296,"8":0.0190469629,"9":0.042372212,"10":0.0304272302,"11":0.030712737,"12":0.0222151116,"13":0.0185791348,"14":0.0354668714},"param_anomaly_percentile":{"0":40,"1":41,"2":42,"3":43,"4":44,"5":45,"6":46,"7":47,"8":48,"9":49,"10":50,"11":51,"12":52,"13":53,"14":55},"param_balance_dataset":{"0":false,"1":false,"2":false,"3":false,"4":false,"5":false,"6":false,"7":false,"8":false,"9":false,"10":false,"11":false,"12":false,"13":false,"14":false},"param_feature_reduction":{"0":false,"1":false,"2":false,"3":false,"4":false,"5":false,"6":false,"7":false,"8":false,"9":false,"10":false,"11":false,"12":false,"13":false,"14":false},"param_n_components":{"0":1,"1":1,"2":1,"3":1,"4":1,"5":1,"6":1,"7":1,"8":1,"9":1,"10":1,"11":1,"12":1,"13":1,"14":1},"param_scale_features":{"0":true,"1":true,"2":true,"3":true,"4":true,"5":true,"6":true,"7":true,"8":true,"9":true,"10":true,"11":true,"12":true,"13":true,"14":true},"param_whiten":{"0":false,"1":false,"2":false,"3":false,"4":false,"5":false,"6":false,"7":false,"8":false,"9":false,"10":false,"11":false,"12":false,"13":false,"14":false},"params":{"0":{"anomaly_percentile":40,"balance_dataset":false,"feature_reduction":false,"n_components":1,"scale_features":true,"whiten":false},"1":{"anomaly_percentile":41,"balance_dataset":false,"feature_reduction":false,"n_components":1,"scale_features":true,"whiten":false},"2":{"anomaly_percentile":42,"balance_dataset":false,"feature_reduction":false,"n_components":1,"scale_features":true,"whiten":false},"3":{"anomaly_percentile":43,"balance_dataset":false,"feature_reduction":false,"n_components":1,"scale_features":true,"whiten":false},"4":{"anomaly_percentile":44,"balance_dataset":false,"feature_reduction":false,"n_components":1,"scale_features":true,"whiten":false},"5":{"anomaly_percentile":45,"balance_dataset":false,"feature_reduction":false,"n_components":1,"scale_features":true,"whiten":false},"6":{"anomaly_percentile":46,"balance_dataset":false,"feature_reduction":false,"n_components":1,"scale_features":true,"whiten":false},"7":{"anomaly_percentile":47,"balance_dataset":false,"feature_reduction":false,"n_components":1,"scale_features":true,"whiten":false},"8":{"anomaly_percentile":48,"balance_dataset":false,"feature_reduction":false,"n_components":1,"scale_features":true,"whiten":false},"9":{"anomaly_percentile":49,"balance_dataset":false,"feature_reduction":false,"n_components":1,"scale_features":true,"whiten":false},"10":{"anomaly_percentile":50,"balance_dataset":false,"feature_reduction":false,"n_components":1,"scale_features":true,"whiten":false},"11":{"anomaly_percentile":51,"balance_dataset":false,"feature_reduction":false,"n_components":1,"scale_features":true,"whiten":false},"12":{"anomaly_percentile":52,"balance_dataset":false,"feature_reduction":false,"n_components":1,"scale_features":true,"whiten":false},"13":{"anomaly_percentile":53,"balance_dataset":false,"feature_reduction":false,"n_components":1,"scale_features":true,"whiten":false},"14":{"anomaly_percentile":55,"balance_dataset":false,"feature_reduction":false,"n_components":1,"scale_features":true,"whiten":false}},"split0_test_score":{"0":0.5790533736,"1":0.5827111332,"2":0.5828009828,"3":0.5876639145,"4":0.5947242206,"5":0.5981072555,"6":0.604585868,"7":0.611478689,"8":0.6187727825,"9":0.628280102,"10":0.6205773501,"11":0.6161734544,"12":0.6103313558,"13":0.6061300487,"14":0.5956016249},"split1_test_score":{"0":0.5884732053,"1":0.5929129928,"2":0.5961158657,"3":0.5984712961,"4":0.6044202434,"5":0.6078959886,"6":0.6160826033,"7":0.620411956,"8":0.6264912817,"9":0.6314996232,"10":0.6253168332,"11":0.6194899012,"12":0.613523754,"13":0.6076823479,"14":0.5993797575},"split2_test_score":{"0":0.5819030162,"1":0.5855263158,"2":0.5892857143,"3":0.5931632162,"4":0.5984776403,"5":0.6059182715,"6":0.61129157,"7":0.6168167252,"8":0.6265024038,"9":0.6312035661,"10":0.62553254,"11":0.6194279077,"12":0.6153624856,"13":0.6099331151,"14":0.5988057214},"split3_test_score":{"0":0.5873987101,"1":0.5898647548,"2":0.5925088796,"3":0.5970672617,"4":0.6018533061,"5":0.601242236,"6":0.6052429864,"7":0.6092373139,"8":0.6128500824,"9":0.6136498516,"10":0.6203663004,"11":0.61438098,"12":0.6098050459,"13":0.6065597047,"14":0.5969153814},"split4_test_score":{"0":0.5824194365,"1":0.5838053982,"2":0.5891651573,"3":0.5930251419,"4":0.5951923077,"5":0.5993031359,"6":0.6028213166,"7":0.6106728538,"8":0.6146802991,"9":0.619667171,"10":0.6204630321,"11":0.6147492625,"12":0.6113383986,"13":0.6056581986,"14":0.5976816511},"split5_test_score":{"0":0.5770336547,"1":0.5807204803,"2":0.5848280402,"3":0.588006483,"4":0.5901954502,"5":0.5922760367,"6":0.5969682763,"7":0.6007393715,"8":0.6064299863,"9":0.6116548713,"10":0.6161646287,"11":0.6123172353,"12":0.6056892779,"13":0.6008645533,"14":0.5892932415},"split6_test_score":{"0":0.5891730322,"1":0.5932481154,"2":0.5946558704,"3":0.5980501838,"4":0.5999369483,"5":0.6075319016,"6":0.6116594695,"7":0.6153611238,"8":0.6215235792,"9":0.6275563517,"10":0.6273988781,"11":0.6222222222,"12":0.6170520231,"13":0.6109049386,"14":0.6021836506},"split7_test_score":{"0":0.583859183,"1":0.587020649,"2":0.5887684091,"3":0.5910543131,"4":0.5939374803,"5":0.5990338164,"6":0.6041859034,"7":0.6117790291,"8":0.6207518797,"9":0.6250930198,"10":0.6194690265,"11":0.6126781041,"12":0.6065832974,"13":0.6023034267,"14":0.5926853011},"split8_test_score":{"0":0.5856877009,"1":0.5898848272,"2":0.5945232597,"3":0.5967084895,"4":0.6008058018,"5":0.6075063613,"6":0.6136684996,"7":0.6177426846,"8":0.6215884698,"9":0.6267029973,"10":0.6261052001,"11":0.6212211025,"12":0.6154297448,"13":0.6094520151,"14":0.5985815603},"split9_test_score":{"0":0.5744072642,"1":0.5770187365,"2":0.5809818953,"3":0.5864904079,"4":0.5877472878,"5":0.5938534279,"6":0.597224388,"7":0.6023725158,"8":0.6075833714,"9":0.6144342323,"10":0.6134441312,"11":0.6080704329,"12":0.6037079954,"13":0.5995410212,"14":0.5891929825},"mean_test_score":{"0":0.5829408577,"1":0.5862713403,"2":0.5893634074,"3":0.5929700708,"4":0.5967290687,"5":0.6012668432,"6":0.6063730881,"7":0.6116612263,"8":0.6177174136,"9":0.6229741786,"10":0.621483792,"11":0.6160730603,"12":0.6108823378,"13":0.605902937,"14":0.5960320872},"std_test_score":{"0":0.0047104838,"1":0.0050502678,"2":0.0049437638,"3":0.0043049131,"4":0.0050290586,"5":0.005462448,"6":0.006274188,"7":0.0060522252,"8":0.0067599584,"9":0.0071195892,"10":0.004330491,"11":0.0042607979,"12":0.0042940153,"13":0.0036930095,"14":0.0041269169},"rank_test_score":{"0":15,"1":14,"2":13,"3":12,"4":10,"5":9,"6":7,"7":5,"8":3,"9":1,"10":2,"11":4,"12":6,"13":8,"14":11}}