{"mean_fit_time":{"0":0.4682911873,"1":0.7197264194},"std_fit_time":{"0":0.0132773152,"1":0.0258664406},"mean_score_time":{"0":0.0199652195,"1":0.0195135593},"std_score_time":{"0":0.0011070439,"1":0.0015486225},"param_criterion":{"0":"gini","1":"gini"},"param_min_samples_split":{"0":8000,"1":8000},"param_n_estimators":{"0":5,"1":10},"params":{"0":{"criterion":"gini","min_samples_split":8000,"n_estimators":5},"1":{"criterion":"gini","min_samples_split":8000,"n_estimators":10}},"split0_test_score":{"0":0.9786768022,"1":0.9791277459},"split1_test_score":{"0":0.9694646653,"1":0.9764865039},"split2_test_score":{"0":0.9623784062,"1":0.9777749146},"split3_test_score":{"0":0.9760355601,"1":0.9808026799},"split4_test_score":{"0":0.9685627778,"1":0.9743606262},"mean_test_score":{"0":0.9710236423,"1":0.9777104941},"std_test_score":{"0":0.0057778291,"1":0.0022042746},"rank_test_score":{"0":2,"1":1}}