{"mean_fit_time":{"0":0.1122797489,"1":0.5729380131,"2":2.9202052116,"3":16.4978017807,"4":108.6222015381,"5":0.0532166004,"6":0.1093798637,"7":0.9245838642,"8":5.3269190311,"9":25.519726181,"10":0.04528265,"11":0.0919091702,"12":0.256972456,"13":4.0152772903,"14":57.8952823639,"15":0.2048082829,"16":0.4826873302,"17":1.4732755661,"18":11.3642172337,"19":41.390459013,"20":0.2985609531,"21":0.6365477085,"22":2.0453112125,"23":5.2751790047,"24":26.9116727829,"25":0.0894049168,"26":0.4027003765,"27":2.9769298077,"28":16.8039855957,"29":104.4077781677,"30":0.0773351669,"31":0.1418851376,"32":0.4819331646,"33":1.8449206352,"34":26.7329389572,"35":0.0621918678,"36":0.1558394909,"37":0.4048129082,"38":4.4929350376,"39":56.7849018097,"40":0.2549524307,"41":0.6753040314,"42":1.8254912853,"43":10.5498568535,"44":40.5754323959,"45":0.2696286201,"46":0.7203184605,"47":2.0237765789,"48":4.6115595341,"49":28.0628232002,"50":0.1065708637,"51":0.4630046844,"52":3.1754868031,"53":16.6043839931,"54":107.0747393131,"55":0.0758711338,"56":0.168582201,"57":0.4277101994,"58":2.2307208538,"59":28.1577530861,"60":0.085587883,"61":0.1583877087,"62":0.4621249676,"63":3.346094799,"64":55.6231202602,"65":0.2813316345,"66":0.5832145214,"67":2.3677601814,"68":9.8967383862,"69":38.2774837017,"70":0.2541105747,"71":0.52968297,"72":1.8489775658,"73":5.8842003822,"74":8.892700386},"std_fit_time":{"0":0.0296231052,"1":0.0586284988,"2":0.0940841086,"3":0.2011132309,"4":0.4319583558,"5":0.0019272432,"6":0.0015200629,"7":0.5343535054,"8":2.3794872487,"9":0.7765074858,"10":0.0018393283,"11":0.012744731,"12":0.0160554095,"13":2.5583186263,"14":2.4001303291,"15":0.0806513408,"16":0.0641911421,"17":0.0734497215,"18":2.1678503803,"19":6.1309882627,"20":0.0499811837,"21":0.0286118897,"22":0.1037077412,"23":0.683669969,"24":0.3241498542,"25":0.0040006366,"26":0.019634387,"27":0.1681404439,"28":0.9204003257,"29":3.7415180185,"30":0.0067394688,"31":0.0199025897,"32":0.0558282596,"33":0.0254897587,"34":2.458303103,"35":0.0052757882,"36":0.0403541239,"37":0.041937789,"38":2.1939011537,"39":1.7224317385,"40":0.0279335588,"41":0.1300956573,"42":0.043693933,"43":0.8241834888,"44":4.6270517803,"45":0.0711886602,"46":0.0652445712,"47":0.3443111369,"48":1.938487307,"49":0.0655753233,"50":0.0088504507,"51":0.0371770701,"52":0.1173760991,"53":0.5469139845,"54":4.816401257,"55":0.0030763132,"56":0.024076438,"57":0.0178882547,"58":0.048093705,"59":1.7606190338,"60":0.0200552664,"61":0.026613001,"62":0.0337618959,"63":0.8723131037,"64":0.9887085135,"65":0.0399579266,"66":0.0563432888,"67":0.1595909873,"68":0.6453657271,"69":5.7203985875,"70":0.0736422061,"71":0.0619834489,"72":0.0706958827,"73":1.5048888143,"74":0.6925503281},"mean_score_time":{"0":0.0225072384,"1":0.0489793301,"2":0.2308578968,"3":1.4205684185,"4":11.1359512329,"5":0.0,"6":0.0,"7":0.0,"8":0.0,"9":0.0,"10":0.0,"11":0.0,"12":0.0,"13":0.0,"14":0.0,"15":0.0,"16":0.0,"17":0.0,"18":0.0,"19":0.0,"20":0.0,"21":0.0,"22":0.0,"23":0.0,"24":0.0,"25":0.0227223396,"26":0.0552688122,"27":0.295510006,"28":1.6613224506,"29":11.2138376236,"30":0.0,"31":0.0,"32":0.0,"33":0.0,"34":0.0,"35":0.0,"36":0.0,"37":0.0,"38":0.0,"39":0.0,"40":0.0,"41":0.0,"42":0.0,"43":0.0,"44":0.0,"45":0.0,"46":0.0,"47":0.0,"48":0.0,"49":0.0,"50":0.0305335522,"51":0.0678145885,"52":0.3074139595,"53":1.9083603859,"54":10.3721216679,"55":0.0,"56":0.0,"57":0.0,"58":0.0,"59":0.0,"60":0.0,"61":0.0,"62":0.0,"63":0.0,"64":0.0,"65":0.0,"66":0.0,"67":0.0,"68":0.0,"69":0.0,"70":0.0,"71":0.0,"72":0.0,"73":0.0,"74":0.0},"std_score_time":{"0":0.0073704219,"1":0.00815903,"2":0.0225308952,"3":0.0435187014,"4":0.0646579461,"5":0.0,"6":0.0,"7":0.0,"8":0.0,"9":0.0,"10":0.0,"11":0.0,"12":0.0,"13":0.0,"14":0.0,"15":0.0,"16":0.0,"17":0.0,"18":0.0,"19":0.0,"20":0.0,"21":0.0,"22":0.0,"23":0.0,"24":0.0,"25":0.0010543322,"26":0.0091010607,"27":0.0441603294,"28":0.1183072652,"29":0.4599700481,"30":0.0,"31":0.0,"32":0.0,"33":0.0,"34":0.0,"35":0.0,"36":0.0,"37":0.0,"38":0.0,"39":0.0,"40":0.0,"41":0.0,"42":0.0,"43":0.0,"44":0.0,"45":0.0,"46":0.0,"47":0.0,"48":0.0,"49":0.0,"50":0.0048080446,"51":0.0086268527,"52":0.0398364847,"53":0.0970022007,"54":1.0197873824,"55":0.0,"56":0.0,"57":0.0,"58":0.0,"59":0.0,"60":0.0,"61":0.0,"62":0.0,"63":0.0,"64":0.0,"65":0.0,"66":0.0,"67":0.0,"68":0.0,"69":0.0,"70":0.0,"71":0.0,"72":0.0,"73":0.0,"74":0.0},"param_criterion":{"0":"gini","1":"gini","2":"gini","3":"gini","4":"gini","5":"gini","6":"gini","7":"gini","8":"gini","9":"gini","10":"gini","11":"gini","12":"gini","13":"gini","14":"gini","15":"gini","16":"gini","17":"gini","18":"gini","19":"gini","20":"gini","21":"gini","22":"gini","23":"gini","24":"gini","25":"entropy","26":"entropy","27":"entropy","28":"entropy","29":"entropy","30":"entropy","31":"entropy","32":"entropy","33":"entropy","34":"entropy","35":"entropy","36":"entropy","37":"entropy","38":"entropy","39":"entropy","40":"entropy","41":"entropy","42":"entropy","43":"entropy","44":"entropy","45":"entropy","46":"entropy","47":"entropy","48":"entropy","49":"entropy","50":"log_loss","51":"log_loss","52":"log_loss","53":"log_loss","54":"log_loss","55":"log_loss","56":"log_loss","57":"log_loss","58":"log_loss","59":"log_loss","60":"log_loss","61":"log_loss","62":"log_loss","63":"log_loss","64":"log_loss","65":"log_loss","66":"log_loss","67":"log_loss","68":"log_loss","69":"log_loss","70":"log_loss","71":"log_loss","72":"log_loss","73":"log_loss","74":"log_loss"},"param_min_samples_split":{"0":1.0,"1":1.0,"2":1.0,"3":1.0,"4":1.0,"5":3.25,"6":3.25,"7":3.25,"8":3.25,"9":3.25,"10":5.5,"11":5.5,"12":5.5,"13":5.5,"14":5.5,"15":7.75,"16":7.75,"17":7.75,"18":7.75,"19":7.75,"20":10.0,"21":10.0,"22":10.0,"23":10.0,"24":10.0,"25":1.0,"26":1.0,"27":1.0,"28":1.0,"29":1.0,"30":3.25,"31":3.25,"32":3.25,"33":3.25,"34":3.25,"35":5.5,"36":5.5,"37":5.5,"38":5.5,"39":5.5,"40":7.75,"41":7.75,"42":7.75,"43":7.75,"44":7.75,"45":10.0,"46":10.0,"47":10.0,"48":10.0,"49":10.0,"50":1.0,"51":1.0,"52":1.0,"53":1.0,"54":1.0,"55":3.25,"56":3.25,"57":3.25,"58":3.25,"59":3.25,"60":5.5,"61":5.5,"62":5.5,"63":5.5,"64":5.5,"65":7.75,"66":7.75,"67":7.75,"68":7.75,"69":7.75,"70":10.0,"71":10.0,"72":10.0,"73":10.0,"74":10.0},"param_n_estimators":{"0":10,"1":56,"2":316,"3":1778,"4":10000,"5":10,"6":56,"7":316,"8":1778,"9":10000,"10":10,"11":56,"12":316,"13":1778,"14":10000,"15":10,"16":56,"17":316,"18":1778,"19":10000,"20":10,"21":56,"22":316,"23":1778,"24":10000,"25":10,"26":56,"27":316,"28":1778,"29":10000,"30":10,"31":56,"32":316,"33":1778,"34":10000,"35":10,"36":56,"37":316,"38":1778,"39":10000,"40":10,"41":56,"42":316,"43":1778,"44":10000,"45":10,"46":56,"47":316,"48":1778,"49":10000,"50":10,"51":56,"52":316,"53":1778,"54":10000,"55":10,"56":56,"57":316,"58":1778,"59":10000,"60":10,"61":56,"62":316,"63":1778,"64":10000,"65":10,"66":56,"67":316,"68":1778,"69":10000,"70":10,"71":56,"72":316,"73":1778,"74":10000},"params":{"0":{"criterion":"gini","min_samples_split":1.0,"n_estimators":10},"1":{"criterion":"gini","min_samples_split":1.0,"n_estimators":56},"2":{"criterion":"gini","min_samples_split":1.0,"n_estimators":316},"3":{"criterion":"gini","min_samples_split":1.0,"n_estimators":1778},"4":{"criterion":"gini","min_samples_split":1.0,"n_estimators":10000},"5":{"criterion":"gini","min_samples_split":3.25,"n_estimators":10},"6":{"criterion":"gini","min_samples_split":3.25,"n_estimators":56},"7":{"criterion":"gini","min_samples_split":3.25,"n_estimators":316},"8":{"criterion":"gini","min_samples_split":3.25,"n_estimators":1778},"9":{"criterion":"gini","min_samples_split":3.25,"n_estimators":10000},"10":{"criterion":"gini","min_samples_split":5.5,"n_estimators":10},"11":{"criterion":"gini","min_samples_split":5.5,"n_estimators":56},"12":{"criterion":"gini","min_samples_split":5.5,"n_estimators":316},"13":{"criterion":"gini","min_samples_split":5.5,"n_estimators":1778},"14":{"criterion":"gini","min_samples_split":5.5,"n_estimators":10000},"15":{"criterion":"gini","min_samples_split":7.75,"n_estimators":10},