{
  "mean_fit_time": {
    "0": 0.8940174103,
    "1": 0.2419867039,
    "2": 0.2145314693,
    "3": 0.2100813866,
    "4": 0.2085820675,
    "5": 0.8985013485,
    "6": 0.2074748039,
    "7": 0.2035310268,
    "8": 0.2673976898,
    "9": 0.3448120117,
    "10": 1.079605484,
    "11": 0.2170398712,
    "12": 0.2237652302,
    "13": 0.2318972111,
    "14": 0.2125647545
  },
  "std_fit_time": {
    "0": 0.020000624,
    "1": 0.0132635767,
    "2": 0.0073162562,
    "3": 0.0119354324,
    "4": 0.0120876703,
    "5": 0.0247762209,
    "6": 0.0103850831,
    "7": 0.0072730607,
    "8": 0.022034838,
    "9": 0.1064105352,
    "10": 0.0961339072,
    "11": 0.0104334431,
    "12": 0.0185274241,
    "13": 0.0112357326,
    "14": 0.0120663647
  },
  "mean_score_time": {
    "0": 0.1134165764,
    "1": 0.0,
    "2": 0.0,
    "3": 0.0,
    "4": 0.0,
    "5": 0.101742506,
    "6": 0.0,
    "7": 0.0,
    "8": 0.0,
    "9": 0.0,
    "10": 0.1277275562,
    "11": 0.0,
    "12": 0.0,
    "13": 0.0,
    "14": 0.0
  },
  "std_score_time": {
    "0": 0.0067555894,
    "1": 0.0,
    "2": 0.0,
    "3": 0.0,
    "4": 0.0,
    "5": 0.0082266119,
    "6": 0.0,
    "7": 0.0,
    "8": 0.0,
    "9": 0.0,
    "10": 0.0217594246,
    "11": 0.0,
    "12": 0.0,
    "13": 0.0,
    "14": 0.0
  },
  "param_criterion": {
    "0": "gini",
    "1": "gini",
    "2": "gini",
    "3": "gini",
    "4": "gini",
    "5": "entropy",
    "6": "entropy",
    "7": "entropy",
    "8": "entropy",
    "9": "entropy",
    "10": "log_loss",
    "11": "log_loss",
    "12": "log_loss",
    "13": "log_loss",
    "14": "log_loss"
  },
  "param_min_samples_split": {
    "0": 1.0,
    "1": 3.25,
    "2": 5.5,
    "3": 7.75,
    "4": 10.0,
    "5": 1.0,
    "6": 3.25,
    "7": 5.5,
    "8": 7.75,
    "9": 10.0,
    "10": 1.0,
    "11": 3.25,
    "12": 5.5,
    "13": 7.75,
    "14": 10.0
  },
  "param_n_estimators": {
    "0": 10,
    "1": 10,
    "2": 10,
    "3": 10,
    "4": 10,
    "5": 10,
    "6": 10,
    "7": 10,
    "8": 10,
    "9": 10,
    "10": 10,
    "11": 10,
    "12": 10,
    "13": 10,
    "14": 10
  },
  "params": {
    "0": {
      "criterion": "gini",
      "min_samples_split": 1.0,
      "n_estimators": 10
    },
    "1": {
      "criterion": "gini",
      "min_samples_split": 3.25,
      "n_estimators": 10
    },
    "2": {
      "criterion": "gini",
      "min_samples_split": 5.5,
      "n_estimators": 10
    },
    "3": {
      "criterion": "gini",
      "min_samples_split": 7.75,
      "n_estimators": 10
    },
    "4": {
      "criterion": "gini",
      "min_samples_split": 10.0,
      "n_estimators": 10
    },
    "5": {
      "criterion": "entropy",
      "min_samples_split": 1.0,
      "n_estimators": 10
    },
    "6": {
      "criterion": "entropy",
      "min_samples_split": 3.25,
      "n_estimators": 10
    },
    "7": {
      "criterion": "entropy",
      "min_samples_split": 5.5,
      "n_estimators": 10
    },
    "8": {
      "criterion": "entropy",
      "min_samples_split": 7.75,
      "n_estimators": 10
    },
    "9": {
      "criterion": "entropy",
      "min_samples_split": 10.0,
      "n_estimators": 10
    },
    "10": {
      "criterion": "log_loss",
      "min_samples_split": 1.0,
      "n_estimators": 10
    },
    "11": {
      "criterion": "log_loss",
      "min_samples_split": 3.25,
      "n_estimators": 10
    },
    "12": {
      "criterion": "log_loss",
      "min_samples_split": 5.5,
      "n_estimators": 10
    },
    "13": {
      "criterion": "log_loss",
      "min_samples_split": 7.75,
      "n_estimators": 10
    },
    "14": {
      "criterion": "log_loss",
      "min_samples_split": 10.0,
      "n_estimators": 10
    }
  },
  "split0_test_score": {
    "0": 0.6309991625,
    "1": null,
    "2": null,
    "3": null,
    "4": null,
    "5": 0.6309991625,
    "6": null,
    "7": null,
    "8": null,
    "9": null,
    "10": 0.6309991625,
    "11": null,
    "12": null,
    "13": null,
    "14": null
  },
  "split1_test_score": {
    "0": 0.630934742,
    "1": null,
    "2": null,
    "3": null,
    "4": null,
    "5": 0.630934742,
    "6": null,
    "7": null,
    "8": null,
    "9": null,
    "10": 0.630934742,
    "11": null,
    "12": null,
    "13": null,
    "14": null
  },
  "split2_test_score": {
    "0": 0.630934742,
    "1": null,
    "2": null,
    "3": null,
    "4": null,
    "5": 0.630934742,
    "6": null,
    "7": null,
    "8": null,
    "9": null,
    "10": 0.630934742,
    "11": null,
    "12": null,
    "13": null,
    "14": null
  },
  "split3_test_score": {
    "0": 0.630934742,
    "1": null,
    "2": null,
    "3": null,
    "4": null,
    "5": 0.630934742,
    "6": null,
    "7": null,
    "8": null,
    "9": null,
    "10": 0.630934742,
    "11": null,
    "12": null,
    "13": null,
    "14": null
  },
  "split4_test_score": {
    "0": 0.630934742,
    "1": null,
    "2": null,
    "3": null,
    "4": null,
    "5": 0.630934742,
    "6": null,
    "7": null,
    "8": null,
    "9": null,
    "10": 0.630934742,
    "11": null,
    "12": null,
    "13": null,
    "14": null
  },
  "mean_test_score": {
    "0": 0.6309476261,
    "1": null,
    "2": null,
    "3": null,
    "4": null,
    "5": 0.6309476261,
    "6": null,
    "7": null,
    "8": null,
    "9": null,
    "10": 0.6309476261,
    "11": null,
    "12": null,
    "13": null,
    "14": null
  },
  "std_test_score": {
    "0": 0.0000257682,
    "1": null,
    "2": null,
    "3": null,
    "4": null,
    "5": 0.0000257682,
    "6": null,
    "7": null,
    "8": null,
    "9": null,
    "10": 0.0000257682,
    "11": null,
    "12": null,
    "13": null,
    "14": null
  },
  "rank_test_score": {
    "0": 1,
    "1": 4,
    "2": 5,
    "3": 6,
    "4": 7,
    "5": 1,
    "6": 8,
    "7": 9,
    "8": 10,
    "9": 11,
    "10": 1,
    "11": 12,
    "12": 13,
    "13": 14,
    "14": 15
  }
}