{"mean_fit_time":{"0":178.3597733974,"1":160.928071928,"2":182.1298535347,"3":156.4470074177,"4":188.2214438438,"5":146.1178172112,"6":173.9901482582,"7":102.9335822105},"std_fit_time":{"0":3.3623873034,"1":3.7150377951,"2":4.0038871824,"3":3.3584422925,"4":3.8962785706,"5":3.3602098719,"6":3.8026389935,"7":26.0648285039},"mean_score_time":{"0":26.6756464005,"1":28.6278883934,"2":28.8003270149,"3":29.2413834095,"4":26.682759428,"5":27.4351936817,"6":20.9204173565,"7":14.4847756386},"std_score_time":{"0":0.5543578754,"1":0.7031777549,"2":2.0500582834,"3":1.091356799,"4":1.8515432605,"5":0.3739085717,"6":2.9990931796,"7":3.9615742413},"param_balance_dataset":{"0":false,"1":false,"2":false,"3":false,"4":false,"5":false,"6":false,"7":false},"param_cache_size":{"0":1000,"1":1000,"2":2000,"3":2000,"4":4000,"5":4000,"6":8000,"7":8000},"param_feature_reduction":{"0":false,"1":false,"2":false,"3":false,"4":false,"5":false,"6":false,"7":false},"param_kernel":{"0":"rbf","1":"rbf","2":"rbf","3":"rbf","4":"rbf","5":"rbf","6":"rbf","7":"rbf"},"param_scale_features":{"0":true,"1":true,"2":true,"3":true,"4":true,"5":true,"6":true,"7":true},"param_shrinking":{"0":true,"1":false,"2":true,"3":false,"4":true,"5":false,"6":true,"7":false},"params":{"0":{"balance_dataset":false,"cache_size":1000,"feature_reduction":false,"kernel":"rbf","scale_features":true,"shrinking":true},"1":{"balance_dataset":false,"cache_size":1000,"feature_reduction":false,"kernel":"rbf","scale_features":true,"shrinking":false},"2":{"balance_dataset":false,"cache_size":2000,"feature_reduction":false,"kernel":"rbf","scale_features":true,"shrinking":true},"3":{"balance_dataset":false,"cache_size":2000,"feature_reduction":false,"kernel":"rbf","scale_features":true,"shrinking":false},"4":{"balance_dataset":false,"cache_size":4000,"feature_reduction":false,"kernel":"rbf","scale_features":true,"shrinking":true},"5":{"balance_dataset":false,"cache_size":4000,"feature_reduction":false,"kernel":"rbf","scale_features":true,"shrinking":false},"6":{"balance_dataset":false,"cache_size":8000,"feature_reduction":false,"kernel":"rbf","scale_features":true,"shrinking":true},"7":{"balance_dataset":false,"cache_size":8000,"feature_reduction":false,"kernel":"rbf","scale_features":true,"shrinking":false}},"split0_test_score":{"0":0.9538748953,"1":0.9538748953,"2":0.9538748953,"3":0.9538748953,"4":0.9538748953,"5":0.9538748953,"6":0.9538748953,"7":0.9538748953},"split1_test_score":{"0":0.951684597,"1":0.951684597,"2":0.951684597,"3":0.951684597,"4":0.951684597,"5":0.951684597,"6":0.951684597,"7":0.951684597},"split2_test_score":{"0":0.9494942988,"1":0.9494942988,"2":0.9494942988,"3":0.9494942988,"4":0.9494942988,"5":0.9494942988,"6":0.9494942988,"7":0.9494942988},"split3_test_score":{"0":0.9520711203,"1":0.9520711203,"2":0.9520711203,"3":0.9520711203,"4":0.9520711203,"5":0.9520711203,"6":0.9520711203,"7":0.9520711203},"split4_test_score":{"0":0.9512336533,"1":0.9512336533,"2":0.9512336533,"3":0.9512336533,"4":0.9512336533,"5":0.9512336533,"6":0.9512336533,"7":0.9512336533},"mean_test_score":{"0":0.9516717129,"1":0.9516717129,"2":0.9516717129,"3":0.9516717129,"4":0.9516717129,"5":0.9516717129,"6":0.9516717129,"7":0.9516717129},"std_test_score":{"0":0.001410442,"1":0.001410442,"2":0.001410442,"3":0.001410442,"4":0.001410442,"5":0.001410442,"6":0.001410442,"7":0.001410442},"rank_test_score":{"0":1,"1":1,"2":1,"3":1,"4":1,"5":1,"6":1,"7":1}}