{"mean_fit_time":{"0":7.3931548595,"1":106.128808403,"2":286.5090464115,"3":1015.4994386196,"4":281.9169073582,"5":583.7980093956,"6":256.1065717697,"7":972.0530061722,"8":303.1427552223,"9":703.4317568302,"10":242.5821317196,"11":990.667983532,"12":488.6893901825,"13":816.6203698635,"14":259.0656904221,"15":1020.8488913059,"16":407.4182722569,"17":927.6529464722,"18":257.2515508175,"19":952.6653207779,"20":53.5703135014,"21":89.4892178059,"22":137.8290495396,"23":476.0037142277,"24":138.2941406727,"25":237.7921095848,"26":126.9101752758,"27":448.2606809616,"28":156.7547424316,"29":311.6489544392,"30":125.713188076,"31":479.117991209,"32":176.4258416176,"33":394.2261146545,"34":128.9977565765,"35":481.1848292351,"36":195.9490376949,"37":448.8173877716,"38":129.4741352081,"39":277.1785847664},"std_fit_time":{"0":0.0706613948,"1":197.3949695265,"2":7.4215952302,"3":0.3944299999,"4":62.2422137585,"5":26.174290538,"6":33.237419103,"7":6.7703754523,"8":223.559606694,"9":13.0956472046,"10":30.9370984569,"11":4.130897385,"12":329.6417734614,"13":32.8465532628,"14":7.320854898,"15":0.954669459,"16":318.1845333974,"17":44.2460916289,"18":22.7153360159,"19":4.1014533694,"20":64.8633753379,"21":108.4279419916,"22":1.992811065,"23":5.7809662709,"24":68.1392231365,"25":6.7989998406,"26":2.639076758,"27":4.2880514163,"28":95.8114557197,"29":9.7071837797,"30":11.8656883266,"31":5.3829669107,"32":130.9458685316,"33":14.5342732139,"34":14.6606868215,"35":3.8434210937,"36":151.109214516,"37":20.5883594393,"38":13.9714637222,"39":4.6367632635},"mean_score_time":{"0":0.0,"1":58.746348381,"2":46.3504157543,"3":365.4487317562,"4":47.7641999722,"5":317.7741412163,"6":46.9752469063,"7":351.9945653439,"8":94.3361709595,"9":320.7808087826,"10":44.5937219143,"11":353.1520819664,"12":156.941881752,"13":333.337852335,"14":44.0161063671,"15":356.6418251038,"16":105.5030250072,"17":357.9768955708,"18":46.1549568176,"19":374.4981417656,"20":11.4558954716,"21":63.4749206543,"22":30.0751409531,"23":216.8206309795,"24":59.8164563179,"25":185.6605547905,"26":32.3687871933,"27":214.2703591824,"28":60.6930146217,"29":194.6292217731,"30":31.3918011665,"31":213.3351706028,"32":61.8579743385,"33":202.4190983295,"34":30.690488863,"35":212.5887359619,"36":65.7153653145,"37":202.4992009163,"38":28.2074734211,"39":92.6398911953},"std_score_time":{"0":0.0,"1":117.4926967621,"2":0.529008978,"3":0.3518492455,"4":2.1980734346,"5":6.2367979203,"6":1.1991279375,"7":0.6165006906,"8":106.7234632104,"9":1.293534894,"10":1.3717703817,"11":1.2043204419,"12":145.330125842,"13":2.5242359426,"14":0.3148914812,"15":1.4317403382,"16":126.023651198,"17":2.0057317511,"18":2.0683363265,"19":2.0780844837,"20":14.030572009,"21":77.742914128,"22":0.2881411531,"23":2.4272752558,"24":59.2039954023,"25":1.3474120104,"26":1.0190415603,"27":0.8805159398,"28":66.2296082247,"29":1.2630566236,"30":0.9603072571,"31":3.7245558961,"32":70.4878814433,"33":1.8045761766,"34":1.195631716,"35":2.0439894598,"36":73.4020482705,"37":8.6820464089,"38":3.5313240548,"39":0.8228503695},"param_balance_dataset":{"0":true,"1":true,"2":true,"3":true,"4":true,"5":true,"6":true,"7":true,"8":true,"9":true,"10":true,"11":true,"12":true,"13":true,"14":true,"15":true,"16":true,"17":true,"18":true,"19":true,"20":false,"21":false,"22":false,"23":false,"24":false,"25":false,"26":false,"27":false,"28":false,"29":false,"30":false,"31":false,"32":false,"33":false,"34":false,"35":false,"36":false,"37":false,"38":false,"39":false},"param_cache_size":{"0":4000,"1":4000,"2":4000,"3":4000,"4":4000,"5":4000,"6":4000,"7":4000,"8":4000,"9":4000,"10":4000,"11":4000,"12":4000,"13":4000,"14":4000,"15":4000,"16":4000,"17":4000,"18":4000,"19":4000,"20":4000,"21":4000,"22":4000,"23":4000,"24":4000,"25":4000,"26":4000,"27":4000,"28":4000,"29":4000,"30":4000,"31":4000,"32":4000,"33":4000,"34":4000,"35":4000,"36":4000,"37":4000,"38":4000,"39":4000},"param_feature_n_components":{"0":1,"1":1,"2":1,"3":1,"4":3,"5":3,"6":3,"7":3,"8":6,"9":6,"10":6,"11":6,"12":9,"13":9,"14":9,"15":9,"16":12,"17":12,"18":12,"19":12,"20":1,"21":1,"22":1,"23":1,"24":3,"25":3,"26":3,"27":3,"28":6,"29":6,"30":6,"31":6,"32":9,"33":9,"34":9,"35":9,"36":12,"37":12,"38":12,"39":12},"param_feature_reduction":{"0":true,"1":true,"2":false,"3":false,"4":true,"5":true,"6":false,"7":false,"8":true,"9":true,"10":false,"11":false,"12":true,"13":true,"14":false,"15":false,"16":true,"17":true,"18":false,"19":false,"20":true,"21":true,"22":false,"23":false,"24":true,"25":true,"26":false,"27":false,"28":true,"29":true,"30":false,"31":false,"32":true,"33":true,"34":false,"35":false,"36":true,"37":true,"38":false,"39":false},"param_kernel":{"0":"rbf","1":"rbf","2":"rbf","3":"rbf","4":"rbf","5":"rbf","6":"rbf","7":"rbf","8":"rbf","9":"rbf","10":"rbf","11":"rbf","12":"rbf","13":"rbf","14":"rbf","15":"rbf","16":"rbf","17":"rbf","18":"rbf","19":"rbf","20":"rbf","21":"rbf","22":"rbf","23":"rbf","24":"rbf","25":"rbf","26":"rbf","27":"rbf","28":"rbf","29":"rbf","30":"rbf","31":"rbf","32":"rbf","33":"rbf","34":"rbf","35":"rbf","36":"rbf","37":"rbf","38":"rbf","39":"rbf"},"param_scale_features":{"0":true,"1":false,"2":true,"3":false,"4":true,"5":false,"6":true,"7":false,"8":true,"9":false,"10":true,"11":false,"12":true,"13":false,"14":true,"15":false,"16":true,"17":false,"18":true,"19":false,"20":true,"21":false,"22":true,"23":false,"24":true,"25":false,"26":true,"27":false,"28":true,"29":false,"30":true,"31":false,"32":true,"33":false,"34":true,"35":false,"36":true,"37":false,"38":true,"39":false},"param_shrinking":{"0":false,"1":false,"2":false,"3":false,"4":false,"5":false,"6":false,"7":false,"8":false,"9":false,"10":false,"11":false,"12":false,"13":false,"14":false,"15":false,"16":false,"17":false,"18":false,"19":false,"20":false,"21":false,"22":false,"23":false,"24":false,"25":false,"26":false,"27":false,"28":false,"29":false,"30":false,"31":false,"32":false,"33":false,"34":false,"35":false,"36":false,"37":false,"38":false,"39":false},"params":{"0":{"balance_dataset":true,"cache_size":4000,"feature_n_components":1,"feature_reduction":true,"kernel":"rbf","scale_features":true,"shrinking":false},"1":{"balance_dataset":true,"cache_size":4000,"feature_n_components":1,"feature_reduction":true,"kernel":"rbf","scale_features":false,"shrinking":false},"2":{"balance_dataset":true,"cache_size":4000,"feature_n_components":1,"feature_reduction":false,"kernel":"rbf","scale_features":true,"shrinking":false},"3":{"balance_dataset":true,"cache_size":4000,"feature_n_components":1,"feature_reduction":false,"kernel":"rbf","scale_features":false,"shrinking":false},"4":{"balance_dataset":true,"cache_size":4000,"feature_n_components":3,"feature_reduction":true,"kernel":"rbf","scale_features":true,"shrinking":false},"5":{"balance_dataset":true,"cache_size":4000,"feature_n_components":3,"feature_reduction":true,"kernel":"rbf","scale_features":false,"shrinking":false},"6":{"balance_dataset":true,"cache_size":4000,"feature_n_components":3,"feature_reduction":false,"kernel":"rbf","scale_features":true,"shrinking":false},"7":{"balance_dataset":true,"cache_size":4000,"feature_n_components":3,"feature_reduction":false,"kernel":"rbf","scale_features":false,"shrinking":false},"8":{"balance_dataset":true,"cache_size":4000,"feature_n_components":6,"feature_reduction":true,"kernel":"rbf","scale_features":true,"shrinking":false},"9":{"balance_dataset":true,"cache_size":4000,"feature_n_components":6,"feature_reduction":true,"kernel":"rbf","scale_features":false,"shrinking":false},"10":{"balance_dataset":true,"cache_size":4000,"feature_n_components":6,"feature_reduction":false,"kernel":"rbf","scale_features":true,"shrinking":false},"11":{"balance_dataset":true,"cache_size":4000,"feature_n_components":6,"feature_reduction":false,"kernel":"rbf","scale_features":false,"shrinking":false},"12":{"balance_dataset":true,"cache_size":4000,"feature_n_components":9,"feature_reduction":true,"kernel":"rbf","scale_features":true,"shrinking":false},